{"cameraMode":{"drawMode":0,"name":"Shaded","section":"Shading Mode"},"sceneLighting":true,"audioPlay":false,"sceneViewState":{"showFog":true,"showMaterialUpdate":false,"showSkybox":true,"showFlares":true,"showImageEffects":true,"showParticleSystems":true},"in2DMode":false,"pivot":{"x":12.013508796691895,"y":5.120184898376465,"z":-7.189117431640625},"rotation":{"x":0.11073315888643265,"y":0.7120120525360107,"z":-0.11526254564523697,"w":0.6838622689247131},"size":10.0,"orthographic":false}