{"cameraMode":{"drawMode":0,"name":"Shaded","section":"Shading Mode"},"sceneLighting":true,"audioPlay":false,"sceneViewState":{"showFog":true,"showMaterialUpdate":false,"showSkybox":true,"showFlares":true,"showImageEffects":true,"showParticleSystems":true},"in2DMode":false,"pivot":{"x":19.648136138916017,"y":97.85314178466797,"z":74.85477447509766},"rotation":{"x":0.06353091448545456,"y":0.7263702154159546,"z":-0.06776265799999237,"w":0.681148886680603},"size":3.4773247241973879,"orthographic":false}