{"cameraMode":{"drawMode":0,"name":"Shaded","section":"Shading Mode"},"sceneLighting":true,"audioPlay":false,"sceneViewState":{"showFog":true,"showMaterialUpdate":false,"showSkybox":true,"showFlares":true,"showImageEffects":true,"showParticleSystems":true},"in2DMode":false,"pivot":{"x":105.54499053955078,"y":28.095348358154298,"z":30.404142379760743},"rotation":{"x":-0.004712223075330257,"y":-0.8603082299232483,"z":0.008029619231820107,"w":-0.5097606182098389},"size":10.449999809265137,"orthographic":false}