{"cameraMode":{"drawMode":0,"name":"Shaded","section":"Shading Mode"},"sceneLighting":true,"audioPlay":false,"sceneViewState":{"showFog":true,"showMaterialUpdate":false,"showSkybox":true,"showFlares":true,"showImageEffects":true,"showParticleSystems":true},"in2DMode":false,"pivot":{"x":2.9974331855773927,"y":33.614341735839847,"z":-40.906105041503909},"rotation":{"x":0.27850109338760378,"y":0.24127665162086488,"z":-0.07252484560012818,"w":0.9268300533294678},"size":10.0,"orthographic":false}