{"cameraMode":{"drawMode":0,"name":"Shaded","section":"Shading Mode"},"sceneLighting":false,"audioPlay":false,"sceneViewState":{"showFog":true,"showMaterialUpdate":true,"showSkybox":false,"showFlares":true,"showImageEffects":true,"showParticleSystems":true},"in2DMode":false,"pivot":{"x":0.13500022888183595,"y":-0.10000002384185791,"z":-0.040000319480895999},"rotation":{"x":0.24733203649520875,"y":-0.048790093511343,"z":0.013066279701888562,"w":0.9679368138313294},"size":5.585494518280029,"orthographic":false}