{"cameraMode":{"drawMode":0,"name":"Shaded","section":"Shading Mode"},"sceneLighting":false,"audioPlay":false,"sceneViewState":{"showFog":true,"showMaterialUpdate":true,"showSkybox":false,"showFlares":true,"showImageEffects":true,"showParticleSystems":true},"in2DMode":false,"pivot":{"x":395.67327880859377,"y":-74.93878173828125,"z":-393.6267395019531},"rotation":{"x":0.03499458730220795,"y":0.9209533929824829,"z":-0.07902101427316666,"w":0.3829335868358612},"size":297.74285888671877,"orthographic":false}