{"cameraMode":{"drawMode":0,"name":"Shaded","section":"Shading Mode"},"sceneLighting":false,"audioPlay":false,"sceneViewState":{"showFog":true,"showMaterialUpdate":true,"showSkybox":false,"showFlares":true,"showImageEffects":true,"showParticleSystems":true},"in2DMode":false,"pivot":{"x":-22.127941131591798,"y":29.929250717163087,"z":62.442508697509769},"rotation":{"x":-0.11947031319141388,"y":0.8597368001937866,"z":-0.2349925935268402,"w":-0.4380376935005188},"size":0.412556529045105,"orthographic":false}