{"cameraMode":{"drawMode":0,"name":"Shaded","section":"Shading Mode"},"sceneLighting":false,"audioPlay":false,"sceneViewState":{"showFog":true,"showMaterialUpdate":true,"showSkybox":false,"showFlares":true,"showImageEffects":true,"showParticleSystems":true},"in2DMode":false,"pivot":{"x":4.696329116821289,"y":-4.249362945556641,"z":-4.87120246887207},"rotation":{"x":-0.022267311811447145,"y":-0.9681524634361267,"z":0.23172642290592194,"w":-0.09428783506155014},"size":5.585494518280029,"orthographic":false}