{"cameraMode":{"drawMode":0,"name":"Shaded","section":"Shading Mode"},"sceneLighting":false,"audioPlay":false,"sceneViewState":{"showFog":true,"showMaterialUpdate":true,"showSkybox":false,"showFlares":true,"showImageEffects":true,"showParticleSystems":true},"in2DMode":false,"pivot":{"x":-1.792191743850708,"y":42.97721481323242,"z":219.11407470703126},"rotation":{"x":-0.08713112026453018,"y":-0.21890144050121308,"z":-0.019515255466103555,"w":0.9718404412269592},"size":30.236974716186525,"orthographic":false}