{"cameraMode":{"drawMode":0,"name":"Shaded","section":"Shading Mode"},"sceneLighting":false,"audioPlay":false,"sceneViewState":{"showFog":true,"showMaterialUpdate":true,"showSkybox":false,"showFlares":true,"showImageEffects":true,"showParticleSystems":true},"in2DMode":false,"pivot":{"x":0.4992479681968689,"y":-0.9844793677330017,"z":2.230656385421753},"rotation":{"x":0.151498943567276,"y":-0.15340536832809449,"z":0.02359790913760662,"w":0.9764049649238586},"size":5.585494518280029,"orthographic":false}