{"cameraMode":{"drawMode":0,"name":"Shaded","section":"Shading Mode"},"sceneLighting":false,"audioPlay":false,"sceneViewState":{"showFog":true,"showMaterialUpdate":true,"showSkybox":false,"showFlares":true,"showImageEffects":true,"showParticleSystems":true},"in2DMode":false,"pivot":{"x":43.70762634277344,"y":20.295114517211915,"z":-21.731849670410158},"rotation":{"x":0.05600002780556679,"y":0.8310466408729553,"z":-0.08505689352750778,"w":0.5468547344207764},"size":68.00084686279297,"orthographic":false}