{"cameraMode":{"drawMode":0,"name":"Shaded","section":"Shading Mode"},"sceneLighting":false,"audioPlay":false,"sceneViewState":{"showFog":true,"showMaterialUpdate":true,"showSkybox":false,"showFlares":true,"showImageEffects":true,"showParticleSystems":true},"in2DMode":false,"pivot":{"x":-33.3756217956543,"y":15.181381225585938,"z":108.26643371582031},"rotation":{"x":-0.10572325438261032,"y":0.2205130010843277,"z":-0.024004148319363595,"w":-0.9695307612419128},"size":30.236974716186525,"orthographic":false}