{"cameraMode":{"drawMode":0,"name":"Shaded","section":"Shading Mode"},"sceneLighting":false,"audioPlay":false,"sceneViewState":{"showFog":true,"showMaterialUpdate":true,"showSkybox":false,"showFlares":true,"showImageEffects":true,"showParticleSystems":true},"in2DMode":false,"pivot":{"x":-17.83262825012207,"y":27.532974243164064,"z":59.715904235839847},"rotation":{"x":0.04548722505569458,"y":0.6997294425964356,"z":0.044431172311306,"w":-0.7122514843940735},"size":1.6773263216018677,"orthographic":false}