{"cameraMode":{"drawMode":0,"name":"Shaded","section":"Shading Mode"},"sceneLighting":false,"audioPlay":false,"sceneViewState":{"showFog":true,"showMaterialUpdate":true,"showSkybox":false,"showFlares":true,"showImageEffects":true,"showParticleSystems":true},"in2DMode":false,"pivot":{"x":-19.363155364990236,"y":31.061155319213868,"z":53.46868896484375},"rotation":{"x":0.08882338553667069,"y":-0.19021861255168916,"z":0.017307527363300325,"w":0.9777526259422302},"size":2.277324676513672,"orthographic":false}