{"cameraMode":{"drawMode":0,"name":"Shaded","section":"Shading Mode"},"sceneLighting":false,"audioPlay":false,"sceneViewState":{"showFog":true,"showMaterialUpdate":true,"showSkybox":false,"showFlares":true,"showImageEffects":true,"showParticleSystems":true},"in2DMode":false,"pivot":{"x":0.0,"y":5.960464477539063e-8,"z":-1.1920928955078126e-7},"rotation":{"x":-0.01379572506994009,"y":0.03374245762825012,"z":-0.0004568022850435227,"w":-0.9995831847190857},"size":0.8660287261009216,"orthographic":false}