{"cameraMode":{"drawMode":0,"name":"Shaded","section":"Shading Mode"},"sceneLighting":false,"audioPlay":false,"sceneViewState":{"showFog":true,"showMaterialUpdate":true,"showSkybox":false,"showFlares":true,"showImageEffects":true,"showParticleSystems":true},"in2DMode":false,"pivot":{"x":-12.512770652770996,"y":26.48800277709961,"z":55.543033599853519},"rotation":{"x":-0.06267434358596802,"y":-0.2534348964691162,"z":0.016357624903321267,"w":-0.9654764533042908},"size":3.0339701175689699,"orthographic":false}