{"cameraMode":{"drawMode":0,"name":"Shaded","section":"Shading Mode"},"sceneLighting":false,"audioPlay":false,"sceneViewState":{"showFog":true,"showMaterialUpdate":true,"showSkybox":false,"showFlares":true,"showImageEffects":true,"showParticleSystems":true},"in2DMode":false,"pivot":{"x":-11.687393188476563,"y":27.701072692871095,"z":60.95071029663086},"rotation":{"x":-0.03772731497883797,"y":-0.9504390358924866,"z":0.12735922634601594,"w":-0.2816997170448303},"size":1.2247449159622193,"orthographic":false}