{"cameraMode":{"drawMode":0,"name":"Shaded","section":"Shading Mode"},"sceneLighting":false,"audioPlay":false,"sceneViewState":{"showFog":true,"showMaterialUpdate":true,"showSkybox":false,"showFlares":true,"showImageEffects":true,"showParticleSystems":true},"in2DMode":false,"pivot":{"x":-0.09519925713539124,"y":0.9368922710418701,"z":0.2519666254520416},"rotation":{"x":0.04157697409391403,"y":0.07562298327684403,"z":0.0031738285906612875,"w":-0.9965121150016785},"size":1.5741578340530396,"orthographic":false}