{"cameraMode":{"drawMode":0,"name":"Shaded","section":"Shading Mode"},"sceneLighting":false,"audioPlay":false,"sceneViewState":{"showFog":true,"showMaterialUpdate":true,"showSkybox":false,"showFlares":true,"showImageEffects":true,"showParticleSystems":true},"in2DMode":false,"pivot":{"x":-77.42073059082031,"y":53.2606315612793,"z":60.03386688232422},"rotation":{"x":0.01649843342602253,"y":-0.7693722248077393,"z":0.01944941096007824,"w":0.6386340856552124},"size":2.277324676513672,"orthographic":false}