{"cameraMode":{"drawMode":0,"name":"Shaded","section":"Shading Mode"},"sceneLighting":false,"audioPlay":false,"sceneViewState":{"showFog":true,"showMaterialUpdate":true,"showSkybox":false,"showFlares":true,"showImageEffects":true,"showParticleSystems":true},"in2DMode":false,"pivot":{"x":0.9502485394477844,"y":-0.6063075661659241,"z":-8.018476486206055},"rotation":{"x":-0.0017240315210074187,"y":0.9984122514724731,"z":-0.039560507982969287,"w":-0.04451539367437363},"size":5.585494518280029,"orthographic":false}