{"cameraMode":{"drawMode":0,"name":"Shaded","section":"Shading Mode"},"sceneLighting":false,"audioPlay":false,"sceneViewState":{"showFog":true,"showMaterialUpdate":true,"showSkybox":false,"showFlares":true,"showImageEffects":true,"showParticleSystems":true},"in2DMode":false,"pivot":{"x":4.446974277496338,"y":-0.36456429958343508,"z":3.1588006019592287},"rotation":{"x":0.1120486706495285,"y":0.7237051725387573,"z":-0.12135867774486542,"w":0.6703558564186096},"size":6.185494899749756,"orthographic":false}