{"cameraMode":{"drawMode":0,"name":"Shaded","section":"Shading Mode"},"sceneLighting":false,"audioPlay":false,"sceneViewState":{"showFog":true,"showMaterialUpdate":true,"showSkybox":false,"showFlares":true,"showImageEffects":true,"showParticleSystems":true},"in2DMode":false,"pivot":{"x":-196.41928100585938,"y":64.54165649414063,"z":107.69476318359375},"rotation":{"x":-0.07649391889572144,"y":0.9105706810951233,"z":-0.19551779329776765,"w":-0.35635918378829958},"size":9.12024974822998,"orthographic":false}