{"cameraMode":{"drawMode":0,"name":"Shaded","section":"Shading Mode"},"sceneLighting":false,"audioPlay":false,"sceneViewState":{"showFog":true,"showMaterialUpdate":true,"showSkybox":false,"showFlares":true,"showImageEffects":true,"showParticleSystems":true},"in2DMode":false,"pivot":{"x":473.90496826171877,"y":106.24403381347656,"z":-248.4623565673828},"rotation":{"x":0.009766590781509877,"y":-0.8575981259346008,"z":-0.016518965363502504,"w":-0.5140790343284607},"size":402.8555908203125,"orthographic":false}