{"cameraMode":{"drawMode":0,"name":"Shaded","section":"Shading Mode"},"sceneLighting":false,"audioPlay":false,"sceneViewState":{"showFog":true,"showMaterialUpdate":true,"showSkybox":false,"showFlares":true,"showImageEffects":true,"showParticleSystems":true},"in2DMode":false,"pivot":{"x":-168.30860900878907,"y":-507.5096740722656,"z":181.42227172851563},"rotation":{"x":0.5841388702392578,"y":-0.20002463459968568,"z":0.1513364464044571,"w":0.7720709443092346},"size":341.55755615234377,"orthographic":false}