{"cameraMode":{"drawMode":0,"name":"Shaded","section":"Shading Mode"},"sceneLighting":false,"audioPlay":false,"sceneViewState":{"showFog":true,"showMaterialUpdate":true,"showSkybox":false,"showFlares":true,"showImageEffects":true,"showParticleSystems":true},"in2DMode":false,"pivot":{"x":-45.1291618347168,"y":41.40717697143555,"z":62.6242561340332},"rotation":{"x":-0.1536523699760437,"y":-0.6831067800521851,"z":0.15031565725803376,"w":-0.6982322335243225},"size":1.6773247718811036,"orthographic":false}