{"cameraMode":{"drawMode":0,"name":"Shaded","section":"Shading Mode"},"sceneLighting":false,"audioPlay":false,"sceneViewState":{"showFog":true,"showMaterialUpdate":true,"showSkybox":false,"showFlares":true,"showImageEffects":true,"showParticleSystems":true},"in2DMode":false,"pivot":{"x":-540.3128662109375,"y":-72.13887023925781,"z":10.215171813964844},"rotation":{"x":0.11555011570453644,"y":-0.7789112329483032,"z":0.150059312582016,"w":0.5981952548027039},"size":208.80682373046876,"orthographic":false}