{"cameraMode":{"drawMode":0,"name":"Shaded","section":"Shading Mode"},"sceneLighting":false,"audioPlay":false,"sceneViewState":{"showFog":true,"showMaterialUpdate":true,"showSkybox":false,"showFlares":true,"showImageEffects":true,"showParticleSystems":true},"in2DMode":false,"pivot":{"x":-64.26776123046875,"y":45.69108200073242,"z":85.95964050292969},"rotation":{"x":-0.1105397492647171,"y":-0.16559021174907685,"z":0.01804972067475319,"w":-0.9801458716392517},"size":25.910852432250978,"orthographic":false}