{"cameraMode":{"drawMode":0,"name":"Shaded","section":"Shading Mode"},"sceneLighting":false,"audioPlay":false,"sceneViewState":{"showFog":true,"showMaterialUpdate":true,"showSkybox":false,"showFlares":true,"showImageEffects":true,"showParticleSystems":true},"in2DMode":false,"pivot":{"x":-35.23454666137695,"y":90.42044830322266,"z":117.21920776367188},"rotation":{"x":0.08037854731082916,"y":-0.5347221493721008,"z":-0.052402496337890628,"w":-0.8408368229866028},"size":8.334246635437012,"orthographic":false}