{"cameraMode":{"drawMode":0,"name":"Shaded","section":"Shading Mode"},"sceneLighting":false,"audioPlay":false,"sceneViewState":{"showFog":true,"showMaterialUpdate":true,"showSkybox":false,"showFlares":true,"showImageEffects":true,"showParticleSystems":true},"in2DMode":false,"pivot":{"x":-157.2292022705078,"y":52.92414093017578,"z":98.73663330078125},"rotation":{"x":-0.07895757257938385,"y":-0.7762917280197144,"z":0.09969280660152435,"w":-0.6175296306610107},"size":30.236974716186525,"orthographic":false}