{"cameraMode":{"drawMode":0,"name":"Shaded","section":"Shading Mode"},"sceneLighting":false,"audioPlay":false,"sceneViewState":{"showFog":true,"showMaterialUpdate":true,"showSkybox":false,"showFlares":true,"showImageEffects":true,"showParticleSystems":true},"in2DMode":false,"pivot":{"x":-18.680490493774415,"y":26.61996841430664,"z":71.57582092285156},"rotation":{"x":0.03385169059038162,"y":-0.29675886034965517,"z":0.011513015255331993,"w":0.9554697871208191},"size":10.0,"orthographic":false}