{"cameraMode":{"drawMode":0,"name":"Shaded","section":"Shading Mode"},"sceneLighting":false,"audioPlay":false,"sceneViewState":{"showFog":true,"showMaterialUpdate":true,"showSkybox":false,"showFlares":true,"showImageEffects":true,"showParticleSystems":true},"in2DMode":false,"pivot":{"x":-13.924108505249024,"y":25.912864685058595,"z":59.74545669555664},"rotation":{"x":0.10820507258176804,"y":-0.23706574738025666,"z":0.028138892725110055,"w":0.9661321640014648},"size":8.334246635437012,"orthographic":false}